run_id,timestamp,algorithm,strategy,cv_rmse_mean,cv_rmse_std,cv_mae_mean,cv_mae_std,n_features,n_train_samples,excluded_features,notes,gpu,duration_s
run_20260531_015044_catboost_round1_baseline,2026-05-31 01:53:56,catboost,round1_baseline,328.9980,5.3588,186.3859,2.7731,55,19960,Outlet_ID|seasonality_jan_2026|distributor_id|target|has_transaction_history|exclude_from_training|baseline_potential_litres|jan_2026_holiday_count|jan_2026_trading_days|hist_p75_monthly|hist_mean_monthly|total_volume|hist_std_monthly|ema_6m|recent_3m_avg|jan_max_volume,Reference: R1 features on updated master_features,True,191.8
run_20260531_015512_catboost_strategyA,2026-05-31 01:57:53,catboost,strategyA,328.9980,5.3588,186.3859,2.7731,51,19960,Outlet_ID|seasonality_jan_2026|distributor_id|target|has_transaction_history|exclude_from_training|baseline_potential_litres|jan_2026_holiday_count|jan_2026_trading_days|hist_p75_monthly|hist_mean_monthly|total_volume|hist_std_monthly|ema_6m|recent_3m_avg|jan_max_volume|hist_p90_monthly|hist_max_monthly|jan_avg_volume|ema_3m,"Strategy A: no leak features, CatBoost GPU",True,161.6
run_20260531_020043_xgboost_strategyA,2026-05-31 02:01:16,xgboost,strategyA,41.8160,2.4991,22.1526,0.3610,51,19960,Outlet_ID|seasonality_jan_2026|distributor_id|target|has_transaction_history|exclude_from_training|baseline_potential_litres|jan_2026_holiday_count|jan_2026_trading_days|hist_p75_monthly|hist_mean_monthly|total_volume|hist_std_monthly|ema_6m|recent_3m_avg|jan_max_volume|hist_p90_monthly|hist_max_monthly|jan_avg_volume|ema_3m,XGBoost GPU comparison,True,32.9
run_20260531_020507_lightgbm_strategyA,2026-05-31 02:05:32,lightgbm,strategyA,43.5016,3.4001,23.3259,0.4161,51,19960,Outlet_ID|seasonality_jan_2026|distributor_id|target|has_transaction_history|exclude_from_training|baseline_potential_litres|jan_2026_holiday_count|jan_2026_trading_days|hist_p75_monthly|hist_mean_monthly|total_volume|hist_std_monthly|ema_6m|recent_3m_avg|jan_max_volume|hist_p90_monthly|hist_max_monthly|jan_avg_volume|ema_3m,LightGBM GPU comparison,False,25.0
run_20260531_020734_xgboost_strategyC,2026-05-31 02:08:09,xgboost,strategyC,41.7850,2.3608,22.1482,0.4014,55,19960,Outlet_ID|seasonality_jan_2026|distributor_id|target|has_transaction_history|exclude_from_training|baseline_potential_litres|jan_2026_holiday_count|jan_2026_trading_days|hist_p75_monthly|hist_mean_monthly|total_volume|hist_std_monthly|ema_6m|recent_3m_avg|jan_max_volume|hist_p90_monthly|hist_max_monthly|jan_avg_volume|ema_3m,Strategy C: Feature Interactions with XGBoost,True,34.7
run_20260531_021014_xgboost_strategyA_gravity_only,2026-05-31 02:10:48,xgboost,strategyA_gravity_only,41.1365,2.8174,21.9837,0.3373,32,19960,Outlet_ID|seasonality_jan_2026|distributor_id|target|has_transaction_history|exclude_from_training|baseline_potential_litres|jan_2026_holiday_count|jan_2026_trading_days|hist_p75_monthly|hist_mean_monthly|total_volume|hist_std_monthly|ema_6m|recent_3m_avg|jan_max_volume|hist_p90_monthly|hist_max_monthly|jan_avg_volume|ema_3m|schools_500m|schools_1000m|schools_2000m|hospitals_500m|hospitals_1000m|hospitals_2000m|transport_500m|transport_1000m|transport_2000m|markets_500m|markets_1000m|markets_2000m|worship_500m|worship_1000m|worship_2000m|hospitality_500m|hospitality_1000m|hospitality_2000m|footfall_score,Ablation: Gravity features only (XGBoost),True,33.1
run_20260531_021302_xgboost_strategyA_flat_only,2026-05-31 02:13:36,xgboost,strategyA_flat_only,41.5447,2.6445,22.1544,0.4235,43,19960,Outlet_ID|seasonality_jan_2026|distributor_id|target|has_transaction_history|exclude_from_training|baseline_potential_litres|jan_2026_holiday_count|jan_2026_trading_days|hist_p75_monthly|hist_mean_monthly|total_volume|hist_std_monthly|ema_6m|recent_3m_avg|jan_max_volume|hist_p90_monthly|hist_max_monthly|jan_avg_volume|ema_3m|school_gravity_score|hospital_gravity_score|transport_gravity_score|market_gravity_score|worship_gravity_score|hospitality_gravity_score|composite_gravity_score|raw_composite_gravity,Ablation: Flat POI counts only (XGBoost),True,33.2
run_20260531_024553_xgboost_strategyC,2026-05-31 02:46:38,xgboost,strategyC,41.3272,2.3646,22.2170,0.3350,55,19960,Outlet_ID|seasonality_jan_2026|distributor_id|target|has_transaction_history|exclude_from_training|baseline_potential_litres|jan_2026_holiday_count|jan_2026_trading_days|hist_p75_monthly|hist_mean_monthly|total_volume|hist_std_monthly|ema_6m|recent_3m_avg|jan_max_volume|hist_p90_monthly|hist_max_monthly|jan_avg_volume|ema_3m,Optuna re-tuned (50 trials),True,45.1
run_20260531_045449_lightgbm_strategyC,2026-05-31 04:55:13,lightgbm,strategyC,43.6434,3.0770,23.3000,0.4288,55,19960,Outlet_ID|seasonality_jan_2026|distributor_id|target|has_transaction_history|exclude_from_training|baseline_potential_litres|jan_2026_holiday_count|jan_2026_trading_days|hist_p75_monthly|hist_mean_monthly|total_volume|hist_std_monthly|ema_6m|recent_3m_avg|jan_max_volume|hist_p90_monthly|hist_max_monthly|jan_avg_volume|ema_3m,Strategy C with LightGBM,False,24.3
run_20260531_045851_xgboost_strategyC_clean,2026-05-31 04:59:24,xgboost,strategyC_clean,42.6972,2.5830,22.3876,0.2961,51,19960,Outlet_ID|seasonality_jan_2026|distributor_id|target|has_transaction_history|exclude_from_training|baseline_potential_litres|jan_2026_holiday_count|jan_2026_trading_days|hist_p75_monthly|hist_mean_monthly|total_volume|hist_std_monthly|ema_6m|recent_3m_avg|jan_max_volume|hist_p90_monthly|hist_max_monthly|jan_avg_volume|ema_3m|size_imputed|coords_swapped|poi_data_available|gravity_data_available,"Strategy C, boolean noise removed, XGBoost",True,32.5
run_20260531_050035_lightgbm_strategyC_clean,2026-05-31 05:00:57,lightgbm,strategyC_clean,44.4989,3.1635,23.5656,0.3090,51,19960,Outlet_ID|seasonality_jan_2026|distributor_id|target|has_transaction_history|exclude_from_training|baseline_potential_litres|jan_2026_holiday_count|jan_2026_trading_days|hist_p75_monthly|hist_mean_monthly|total_volume|hist_std_monthly|ema_6m|recent_3m_avg|jan_max_volume|hist_p90_monthly|hist_max_monthly|jan_avg_volume|ema_3m|size_imputed|coords_swapped|poi_data_available|gravity_data_available,"Strategy C, boolean noise removed, LightGBM",False,22.1
run_20260531_050058_lightgbm_strategyA_gravity_only,2026-05-31 05:01:17,lightgbm,strategyA_gravity_only,43.4626,2.9036,23.2766,0.4255,32,19960,Outlet_ID|seasonality_jan_2026|distributor_id|target|has_transaction_history|exclude_from_training|baseline_potential_litres|jan_2026_holiday_count|jan_2026_trading_days|hist_p75_monthly|hist_mean_monthly|total_volume|hist_std_monthly|ema_6m|recent_3m_avg|jan_max_volume|hist_p90_monthly|hist_max_monthly|jan_avg_volume|ema_3m|schools_500m|schools_1000m|schools_2000m|hospitals_500m|hospitals_1000m|hospitals_2000m|transport_500m|transport_1000m|transport_2000m|markets_500m|markets_1000m|markets_2000m|worship_500m|worship_1000m|worship_2000m|hospitality_500m|hospitality_1000m|hospitality_2000m|footfall_score,Gravity-only ablation with LightGBM,False,18.3
run_20260531_050118_xgboost_strategyA_gravity_clean,2026-05-31 05:01:50,xgboost,strategyA_gravity_clean,42.0965,3.5693,22.1845,0.2716,28,19960,Outlet_ID|seasonality_jan_2026|distributor_id|target|has_transaction_history|exclude_from_training|baseline_potential_litres|jan_2026_holiday_count|jan_2026_trading_days|hist_p75_monthly|hist_mean_monthly|total_volume|hist_std_monthly|ema_6m|recent_3m_avg|jan_max_volume|hist_p90_monthly|hist_max_monthly|jan_avg_volume|ema_3m|schools_500m|schools_1000m|schools_2000m|hospitals_500m|hospitals_1000m|hospitals_2000m|transport_500m|transport_1000m|transport_2000m|markets_500m|markets_1000m|markets_2000m|worship_500m|worship_1000m|worship_2000m|hospitality_500m|hospitality_1000m|hospitality_2000m|footfall_score|size_imputed|coords_swapped|poi_data_available|gravity_data_available,"Gravity-only, boolean noise removed, XGBoost",True,31.8
run_20260531_050152_lightgbm_strategyA_gravity_clean,2026-05-31 05:02:11,lightgbm,strategyA_gravity_clean,44.4988,3.4274,23.7417,0.5006,28,19960,Outlet_ID|seasonality_jan_2026|distributor_id|target|has_transaction_history|exclude_from_training|baseline_potential_litres|jan_2026_holiday_count|jan_2026_trading_days|hist_p75_monthly|hist_mean_monthly|total_volume|hist_std_monthly|ema_6m|recent_3m_avg|jan_max_volume|hist_p90_monthly|hist_max_monthly|jan_avg_volume|ema_3m|schools_500m|schools_1000m|schools_2000m|hospitals_500m|hospitals_1000m|hospitals_2000m|transport_500m|transport_1000m|transport_2000m|markets_500m|markets_1000m|markets_2000m|worship_500m|worship_1000m|worship_2000m|hospitality_500m|hospitality_1000m|hospitality_2000m|footfall_score|size_imputed|coords_swapped|poi_data_available|gravity_data_available,"Gravity-only, boolean noise removed, LightGBM",False,19.0
run_20260531_050213_lightgbm_strategyA_flat_only,2026-05-31 05:02:32,lightgbm,strategyA_flat_only,43.5413,2.9469,23.2348,0.3640,43,19960,Outlet_ID|seasonality_jan_2026|distributor_id|target|has_transaction_history|exclude_from_training|baseline_potential_litres|jan_2026_holiday_count|jan_2026_trading_days|hist_p75_monthly|hist_mean_monthly|total_volume|hist_std_monthly|ema_6m|recent_3m_avg|jan_max_volume|hist_p90_monthly|hist_max_monthly|jan_avg_volume|ema_3m|school_gravity_score|hospital_gravity_score|transport_gravity_score|market_gravity_score|worship_gravity_score|hospitality_gravity_score|composite_gravity_score|raw_composite_gravity,Flat-only ablation with LightGBM,False,18.6
run_20260531_050233_xgboost_strategyA_flat_clean,2026-05-31 05:03:05,xgboost,strategyA_flat_clean,42.5046,2.5549,22.2132,0.3008,39,19960,Outlet_ID|seasonality_jan_2026|distributor_id|target|has_transaction_history|exclude_from_training|baseline_potential_litres|jan_2026_holiday_count|jan_2026_trading_days|hist_p75_monthly|hist_mean_monthly|total_volume|hist_std_monthly|ema_6m|recent_3m_avg|jan_max_volume|hist_p90_monthly|hist_max_monthly|jan_avg_volume|ema_3m|school_gravity_score|hospital_gravity_score|transport_gravity_score|market_gravity_score|worship_gravity_score|hospitality_gravity_score|composite_gravity_score|raw_composite_gravity|size_imputed|coords_swapped|poi_data_available|gravity_data_available,"Flat-only, boolean noise removed, XGBoost",True,31.6
run_20260531_050307_lightgbm_strategyA_flat_clean,2026-05-31 05:03:26,lightgbm,strategyA_flat_clean,44.1206,3.0399,23.5835,0.3095,39,19960,Outlet_ID|seasonality_jan_2026|distributor_id|target|has_transaction_history|exclude_from_training|baseline_potential_litres|jan_2026_holiday_count|jan_2026_trading_days|hist_p75_monthly|hist_mean_monthly|total_volume|hist_std_monthly|ema_6m|recent_3m_avg|jan_max_volume|hist_p90_monthly|hist_max_monthly|jan_avg_volume|ema_3m|school_gravity_score|hospital_gravity_score|transport_gravity_score|market_gravity_score|worship_gravity_score|hospitality_gravity_score|composite_gravity_score|raw_composite_gravity|size_imputed|coords_swapped|poi_data_available|gravity_data_available,"Flat-only, boolean noise removed, LightGBM",False,18.8
run_20260531_052630_randomforest_strategyA_gravity_only,2026-05-31 05:27:42,randomforest,strategyA_gravity_only,41.4238,2.4045,21.5180,0.3717,32,19960,Outlet_ID|seasonality_jan_2026|distributor_id|target|has_transaction_history|exclude_from_training|baseline_potential_litres|jan_2026_holiday_count|jan_2026_trading_days|hist_p75_monthly|hist_mean_monthly|total_volume|hist_std_monthly|ema_6m|recent_3m_avg|jan_max_volume|hist_p90_monthly|hist_max_monthly|jan_avg_volume|ema_3m|schools_500m|schools_1000m|schools_2000m|hospitals_500m|hospitals_1000m|hospitals_2000m|transport_500m|transport_1000m|transport_2000m|markets_500m|markets_1000m|markets_2000m|worship_500m|worship_1000m|worship_2000m|hospitality_500m|hospitality_1000m|hospitality_2000m|footfall_score,S19: Gravity-only with Random Forest (XAI focus),False,72.0
run_20260531_052744_randomforest_strategyC,2026-05-31 05:29:17,randomforest,strategyC,41.7562,2.5215,21.5828,0.3411,55,19960,Outlet_ID|seasonality_jan_2026|distributor_id|target|has_transaction_history|exclude_from_training|baseline_potential_litres|jan_2026_holiday_count|jan_2026_trading_days|hist_p75_monthly|hist_mean_monthly|total_volume|hist_std_monthly|ema_6m|recent_3m_avg|jan_max_volume|hist_p90_monthly|hist_max_monthly|jan_avg_volume|ema_3m,S20: Strategy C with Random Forest (XAI focus),False,93.1
run_20260531_052919_randomforest_strategyA_flat_only,2026-05-31 05:30:20,randomforest,strategyA_flat_only,41.4415,2.4674,21.4404,0.2945,43,19960,Outlet_ID|seasonality_jan_2026|distributor_id|target|has_transaction_history|exclude_from_training|baseline_potential_litres|jan_2026_holiday_count|jan_2026_trading_days|hist_p75_monthly|hist_mean_monthly|total_volume|hist_std_monthly|ema_6m|recent_3m_avg|jan_max_volume|hist_p90_monthly|hist_max_monthly|jan_avg_volume|ema_3m|school_gravity_score|hospital_gravity_score|transport_gravity_score|market_gravity_score|worship_gravity_score|hospitality_gravity_score|composite_gravity_score|raw_composite_gravity,S21: Flat-only with Random Forest (XAI focus),False,61.1
run_20260531_062548_xgboost_strategyA_gravity_only,2026-05-31 06:26:40,xgboost,strategyA_gravity_only,40.6580,2.9947,21.7469,0.3097,32,19960,Outlet_ID|seasonality_jan_2026|distributor_id|target|has_transaction_history|exclude_from_training|baseline_potential_litres|jan_2026_holiday_count|jan_2026_trading_days|hist_p75_monthly|hist_mean_monthly|total_volume|hist_std_monthly|ema_6m|recent_3m_avg|jan_max_volume|hist_p90_monthly|hist_max_monthly|jan_avg_volume|ema_3m|schools_500m|schools_1000m|schools_2000m|hospitals_500m|hospitals_1000m|hospitals_2000m|transport_500m|transport_1000m|transport_2000m|markets_500m|markets_1000m|markets_2000m|worship_500m|worship_1000m|worship_2000m|hospitality_500m|hospitality_1000m|hospitality_2000m|footfall_score,S6 Optuna Tuned,True,51.2
run_20260531_063224_randomforest_strategyA_gravity_only,2026-05-31 06:33:39,randomforest,strategyA_gravity_only,41.7239,2.5395,21.6216,0.3325,32,19960,Outlet_ID|seasonality_jan_2026|distributor_id|target|has_transaction_history|exclude_from_training|baseline_potential_litres|jan_2026_holiday_count|jan_2026_trading_days|hist_p75_monthly|hist_mean_monthly|total_volume|hist_std_monthly|ema_6m|recent_3m_avg|jan_max_volume|hist_p90_monthly|hist_max_monthly|jan_avg_volume|ema_3m|schools_500m|schools_1000m|schools_2000m|hospitals_500m|hospitals_1000m|hospitals_2000m|transport_500m|transport_1000m|transport_2000m|markets_500m|markets_1000m|markets_2000m|worship_500m|worship_1000m|worship_2000m|hospitality_500m|hospitality_1000m|hospitality_2000m|footfall_score,S19 Optuna Tuned,False,74.4
run_20260531_062646_lightgbm_strategyA_gravity_only,2026-05-31 06:35:02,lightgbm,strategyA_gravity_only,41.5456,3.1966,22.0776,0.3669,32,19960,Outlet_ID|seasonality_jan_2026|distributor_id|target|has_transaction_history|exclude_from_training|baseline_potential_litres|jan_2026_holiday_count|jan_2026_trading_days|hist_p75_monthly|hist_mean_monthly|total_volume|hist_std_monthly|ema_6m|recent_3m_avg|jan_max_volume|hist_p90_monthly|hist_max_monthly|jan_avg_volume|ema_3m|schools_500m|schools_1000m|schools_2000m|hospitals_500m|hospitals_1000m|hospitals_2000m|transport_500m|transport_1000m|transport_2000m|markets_500m|markets_1000m|markets_2000m|worship_500m|worship_1000m|worship_2000m|hospitality_500m|hospitality_1000m|hospitality_2000m|footfall_score,S13 Optuna Tuned,False,495.5
run_20260531_162625_xgboost_strategyA_gravity_only,2026-05-31 16:26:54,xgboost,strategyA_gravity_only,5.5720,0.2264,3.0061,0.0369,45,19960,Outlet_ID|seasonality_jan_2026|distributor_id|target|has_transaction_history|exclude_from_training|baseline_potential_litres|jan_2026_holiday_count|jan_2026_trading_days|hist_p75_monthly|hist_mean_monthly|total_volume|hist_std_monthly|ema_6m|recent_3m_avg|jan_max_volume|hist_p90_monthly|hist_max_monthly|jan_avg_volume|ema_3m|schools_500m|schools_1000m|schools_2000m|hospitals_500m|hospitals_1000m|hospitals_2000m|transport_500m|transport_1000m|transport_2000m|markets_500m|markets_1000m|markets_2000m|worship_500m|worship_1000m|worship_2000m|hospitality_500m|hospitality_1000m|hospitality_2000m|footfall_score,,True,29.6
run_20260531_162706_lightgbm_strategyA_gravity_only,2026-05-31 16:28:34,lightgbm,strategyA_gravity_only,6.7865,1.2158,3.0506,0.1161,45,19960,Outlet_ID|seasonality_jan_2026|distributor_id|target|has_transaction_history|exclude_from_training|baseline_potential_litres|jan_2026_holiday_count|jan_2026_trading_days|hist_p75_monthly|hist_mean_monthly|total_volume|hist_std_monthly|ema_6m|recent_3m_avg|jan_max_volume|hist_p90_monthly|hist_max_monthly|jan_avg_volume|ema_3m|schools_500m|schools_1000m|schools_2000m|hospitals_500m|hospitals_1000m|hospitals_2000m|transport_500m|transport_1000m|transport_2000m|markets_500m|markets_1000m|markets_2000m|worship_500m|worship_1000m|worship_2000m|hospitality_500m|hospitality_1000m|hospitality_2000m|footfall_score,,False,88.2
run_20260531_162846_randomforest_strategyA_gravity_only,2026-05-31 16:30:15,randomforest,strategyA_gravity_only,4.7845,0.3884,2.3238,0.0327,45,19960,Outlet_ID|seasonality_jan_2026|distributor_id|target|has_transaction_history|exclude_from_training|baseline_potential_litres|jan_2026_holiday_count|jan_2026_trading_days|hist_p75_monthly|hist_mean_monthly|total_volume|hist_std_monthly|ema_6m|recent_3m_avg|jan_max_volume|hist_p90_monthly|hist_max_monthly|jan_avg_volume|ema_3m|schools_500m|schools_1000m|schools_2000m|hospitals_500m|hospitals_1000m|hospitals_2000m|transport_500m|transport_1000m|transport_2000m|markets_500m|markets_1000m|markets_2000m|worship_500m|worship_1000m|worship_2000m|hospitality_500m|hospitality_1000m|hospitality_2000m|footfall_score,,False,89.8
run_20260531_170551_xgboost_strategyA_gravity_only,2026-05-31 17:06:26,xgboost,strategyA_gravity_only,4.9705,0.5018,2.0872,0.0539,45,19960,Outlet_ID|seasonality_jan_2026|distributor_id|target|has_transaction_history|exclude_from_training|baseline_potential_litres|jan_2026_holiday_count|jan_2026_trading_days|hist_p75_monthly|hist_mean_monthly|total_volume|hist_std_monthly|ema_6m|recent_3m_avg|jan_max_volume|hist_p90_monthly|hist_max_monthly|jan_avg_volume|ema_3m|schools_500m|schools_1000m|schools_2000m|hospitals_500m|hospitals_1000m|hospitals_2000m|transport_500m|transport_1000m|transport_2000m|markets_500m|markets_1000m|markets_2000m|worship_500m|worship_1000m|worship_2000m|hospitality_500m|hospitality_1000m|hospitality_2000m|footfall_score,,True,34.6
run_20260531_170628_lightgbm_strategyA_gravity_only,2026-05-31 17:06:52,lightgbm,strategyA_gravity_only,5.4939,0.9500,2.1824,0.0914,45,19960,Outlet_ID|seasonality_jan_2026|distributor_id|target|has_transaction_history|exclude_from_training|baseline_potential_litres|jan_2026_holiday_count|jan_2026_trading_days|hist_p75_monthly|hist_mean_monthly|total_volume|hist_std_monthly|ema_6m|recent_3m_avg|jan_max_volume|hist_p90_monthly|hist_max_monthly|jan_avg_volume|ema_3m|schools_500m|schools_1000m|schools_2000m|hospitals_500m|hospitals_1000m|hospitals_2000m|transport_500m|transport_1000m|transport_2000m|markets_500m|markets_1000m|markets_2000m|worship_500m|worship_1000m|worship_2000m|hospitality_500m|hospitality_1000m|hospitality_2000m|footfall_score,,False,23.7
run_20260531_170944_xgboost_strategyA_gravity_only,2026-05-31 17:10:18,xgboost,strategyA_gravity_only,5.7476,1.1307,1.9011,0.0863,42,19960,Outlet_ID|seasonality_jan_2026|distributor_id|target|has_transaction_history|exclude_from_training|baseline_potential_litres|jan_2026_holiday_count|jan_2026_trading_days|hist_p75_monthly|hist_mean_monthly|total_volume|hist_std_monthly|ema_6m|recent_3m_avg|jan_max_volume|hist_p90_monthly|hist_max_monthly|jan_avg_volume|ema_3m|capacity_utilization_ratio|cluster_mean_volume|cluster_p90_volume|schools_500m|schools_1000m|schools_2000m|hospitals_500m|hospitals_1000m|hospitals_2000m|transport_500m|transport_1000m|transport_2000m|markets_500m|markets_1000m|markets_2000m|worship_500m|worship_1000m|worship_2000m|hospitality_500m|hospitality_1000m|hospitality_2000m|footfall_score,,True,33.7
run_20260531_171020_lightgbm_strategyA_gravity_only,2026-05-31 17:10:43,lightgbm,strategyA_gravity_only,6.4855,1.1874,2.0444,0.1643,42,19960,Outlet_ID|seasonality_jan_2026|distributor_id|target|has_transaction_history|exclude_from_training|baseline_potential_litres|jan_2026_holiday_count|jan_2026_trading_days|hist_p75_monthly|hist_mean_monthly|total_volume|hist_std_monthly|ema_6m|recent_3m_avg|jan_max_volume|hist_p90_monthly|hist_max_monthly|jan_avg_volume|ema_3m|capacity_utilization_ratio|cluster_mean_volume|cluster_p90_volume|schools_500m|schools_1000m|schools_2000m|hospitals_500m|hospitals_1000m|hospitals_2000m|transport_500m|transport_1000m|transport_2000m|markets_500m|markets_1000m|markets_2000m|worship_500m|worship_1000m|worship_2000m|hospitality_500m|hospitality_1000m|hospitality_2000m|footfall_score,,False,23.3
run_20260531_171324_xgboost_strategyA_gravity_only,2026-05-31 17:13:55,xgboost,strategyA_gravity_only,40.8885,3.1662,21.5804,0.3743,41,19960,Outlet_ID|seasonality_jan_2026|distributor_id|target|has_transaction_history|exclude_from_training|baseline_potential_litres|jan_2026_holiday_count|jan_2026_trading_days|hist_p75_monthly|hist_mean_monthly|total_volume|hist_std_monthly|ema_6m|recent_3m_avg|jan_max_volume|hist_p90_monthly|hist_max_monthly|jan_avg_volume|ema_3m|capacity_utilization_ratio|cluster_mean_volume|cluster_p90_volume|tobit_censoring_ratio|schools_500m|schools_1000m|schools_2000m|hospitals_500m|hospitals_1000m|hospitals_2000m|transport_500m|transport_1000m|transport_2000m|markets_500m|markets_1000m|markets_2000m|worship_500m|worship_1000m|worship_2000m|hospitality_500m|hospitality_1000m|hospitality_2000m|footfall_score,,True,30.4
run_20260531_171357_lightgbm_strategyA_gravity_only,2026-05-31 17:14:17,lightgbm,strategyA_gravity_only,42.6610,2.6871,22.0652,0.4985,41,19960,Outlet_ID|seasonality_jan_2026|distributor_id|target|has_transaction_history|exclude_from_training|baseline_potential_litres|jan_2026_holiday_count|jan_2026_trading_days|hist_p75_monthly|hist_mean_monthly|total_volume|hist_std_monthly|ema_6m|recent_3m_avg|jan_max_volume|hist_p90_monthly|hist_max_monthly|jan_avg_volume|ema_3m|capacity_utilization_ratio|cluster_mean_volume|cluster_p90_volume|tobit_censoring_ratio|schools_500m|schools_1000m|schools_2000m|hospitals_500m|hospitals_1000m|hospitals_2000m|transport_500m|transport_1000m|transport_2000m|markets_500m|markets_1000m|markets_2000m|worship_500m|worship_1000m|worship_2000m|hospitality_500m|hospitality_1000m|hospitality_2000m|footfall_score,,False,19.9
run_20260531_171418_randomforest_strategyA_gravity_only,2026-05-31 17:15:42,randomforest,strategyA_gravity_only,40.4763,3.3392,21.2014,0.4313,41,19960,Outlet_ID|seasonality_jan_2026|distributor_id|target|has_transaction_history|exclude_from_training|baseline_potential_litres|jan_2026_holiday_count|jan_2026_trading_days|hist_p75_monthly|hist_mean_monthly|total_volume|hist_std_monthly|ema_6m|recent_3m_avg|jan_max_volume|hist_p90_monthly|hist_max_monthly|jan_avg_volume|ema_3m|capacity_utilization_ratio|cluster_mean_volume|cluster_p90_volume|tobit_censoring_ratio|schools_500m|schools_1000m|schools_2000m|hospitals_500m|hospitals_1000m|hospitals_2000m|transport_500m|transport_1000m|transport_2000m|markets_500m|markets_1000m|markets_2000m|worship_500m|worship_1000m|worship_2000m|hospitality_500m|hospitality_1000m|hospitality_2000m|footfall_score,,False,83.7
run_20260531_211903_xgboost_strategyA_gravity_only,2026-05-31 21:19:27,xgboost,strategyA_gravity_only,40.1053,2.6801,21.1416,0.3233,41,19960,Outlet_ID|seasonality_jan_2026|distributor_id|target|has_transaction_history|exclude_from_training|baseline_potential_litres|jan_2026_holiday_count|jan_2026_trading_days|hist_p75_monthly|hist_mean_monthly|total_volume|hist_std_monthly|ema_6m|recent_3m_avg|jan_max_volume|hist_p90_monthly|hist_max_monthly|jan_avg_volume|ema_3m|capacity_utilization_ratio|cluster_mean_volume|cluster_p90_volume|tobit_censoring_ratio|schools_500m|schools_1000m|schools_2000m|hospitals_500m|hospitals_1000m|hospitals_2000m|transport_500m|transport_1000m|transport_2000m|markets_500m|markets_1000m|markets_2000m|worship_500m|worship_1000m|worship_2000m|hospitality_500m|hospitality_1000m|hospitality_2000m|footfall_score,Phase 2.5 Tuned XGBoost,True,23.9
run_20260531_211951_lightgbm_strategyA_gravity_only,2026-05-31 21:21:48,lightgbm,strategyA_gravity_only,41.0175,3.0813,21.3312,0.5209,41,19960,Outlet_ID|seasonality_jan_2026|distributor_id|target|has_transaction_history|exclude_from_training|baseline_potential_litres|jan_2026_holiday_count|jan_2026_trading_days|hist_p75_monthly|hist_mean_monthly|total_volume|hist_std_monthly|ema_6m|recent_3m_avg|jan_max_volume|hist_p90_monthly|hist_max_monthly|jan_avg_volume|ema_3m|capacity_utilization_ratio|cluster_mean_volume|cluster_p90_volume|tobit_censoring_ratio|schools_500m|schools_1000m|schools_2000m|hospitals_500m|hospitals_1000m|hospitals_2000m|transport_500m|transport_1000m|transport_2000m|markets_500m|markets_1000m|markets_2000m|worship_500m|worship_1000m|worship_2000m|hospitality_500m|hospitality_1000m|hospitality_2000m|footfall_score,Phase 2.5 Tuned LightGBM + SHAP,True,116.7
run_20260531_212204_randomforest_strategyA_gravity_only,2026-05-31 21:22:32,randomforest,strategyA_gravity_only,39.5403,3.3993,20.8580,0.3174,41,19960,Outlet_ID|seasonality_jan_2026|distributor_id|target|has_transaction_history|exclude_from_training|baseline_potential_litres|jan_2026_holiday_count|jan_2026_trading_days|hist_p75_monthly|hist_mean_monthly|total_volume|hist_std_monthly|ema_6m|recent_3m_avg|jan_max_volume|hist_p90_monthly|hist_max_monthly|jan_avg_volume|ema_3m|capacity_utilization_ratio|cluster_mean_volume|cluster_p90_volume|tobit_censoring_ratio|schools_500m|schools_1000m|schools_2000m|hospitals_500m|hospitals_1000m|hospitals_2000m|transport_500m|transport_1000m|transport_2000m|markets_500m|markets_1000m|markets_2000m|worship_500m|worship_1000m|worship_2000m|hospitality_500m|hospitality_1000m|hospitality_2000m|footfall_score,Phase 2.5 Tuned RF,False,27.5
